<library path="draco_point_cloud_transport">
    <class 
        name="point_cloud_transport/draco_pub"
        type="draco_point_cloud_transport::DracoPublisher"
        base_class_type="point_cloud_transport::PublisherPlugin">
        <description>
            This plugin publishes a CompressedPointCloud2 using KD tree compression.
        </description>
    </class>

    <class 
        name="point_cloud_transport/draco_sub"
        type="draco_point_cloud_transport::DracoSubscriber"
        base_class_type="point_cloud_transport::SubscriberPlugin">
        <description>
            This plugin decompresses a CompressedPointCloud2 topic.
        </description>
    </class>
</library>
