<library path="point_cloud_transport_plugins">
    <class name="point_cloud_transport/raw_pub" type="point_cloud_transport::RawPublisher" base_class_type="point_cloud_transport::PublisherPlugin">
        <description>
            This is the default publisher. It publishes the PointCloud2 as-is on the base topic.
        </description>
    </class>

    <class name="point_cloud_transport/raw_sub" type="point_cloud_transport::RawSubscriber" base_class_type="point_cloud_transport::SubscriberPlugin">
        <description>
            This is the default pass-through subscriber for topics of type sensor_msgs/PointCloud2.
        </description>
    </class>
</library>
